Supplier_ID,Product_ID,Hello
CA100,CO104,2022-07-03 00:44:04Z
CA101,CO106,2022-09-20 01:16:01Z
CA102,CO106,2022-06-13 15:07:10Z
CA103,CO106,2022-07-03 12:25:58Z
CA104,CO100,2022-04-20 07:16:05Z
CA105,CO103,2022-11-28 08:34:45Z
CA106,CO106,2022-05-18 08:36:30Z
CA107,CO105,2022-03-15 18:32:27Z
CA108,CO106,2022-03-11 19:02:49Z
CA109,CO104,2022-09-20 09:37:12Z
CA110,CO100,2022-09-08 05:01:17Z
CA111,CO105,2022-05-17 17:36:44Z
CA112,CO104,2022-07-13 04:33:22Z
CA113,CO100,2022-03-04 18:23:01Z
CA114,CO104,2022-07-13 22:48:16Z
CA115,CO104,2022-07-16 17:57:32Z
CA116,CO106,2022-04-05 15:08:32Z
CA117,CO102,2022-07-26 13:19:43Z
CA118,CO105,2022-09-30 01:27:39Z
CA119,CO103,2022-06-18 06:30:29Z
CA120,CO104,2022-10-22 19:04:49Z
CA121,CO104,2022-05-09 03:26:14Z
CA122,CO100,2022-07-19 00:23:39Z
CA123,CO106,2022-08-30 07:45:51Z
CA124,CO106,2022-05-15 10:10:34Z
CA125,CO106,2022-09-03 01:16:50Z
CA126,CO101,2022-11-25 19:39:56Z
CA127,CO104,2022-06-05 16:39:09Z
CA128,CO103,2022-07-26 07:30:35Z
CA129,CO101,2022-09-27 03:18:55Z
CA130,CO100,2022-05-05 20:05:27Z
CA131,CO101,2022-04-30 15:08:20Z
CA132,CO103,2022-05-27 13:25:52Z
CA133,CO106,2022-04-02 21:52:41Z
CA134,CO101,2022-08-24 05:55:23Z
CA135,CO101,2022-07-28 11:55:43Z
CA136,CO103,2022-06-13 05:11:15Z
CA137,CO104,2022-11-10 03:10:06Z
CA138,CO100,2022-04-18 05:22:42Z
CA139,CO104,2022-12-23 18:38:13Z
CA140,CO100,2022-09-26 07:39:41Z
CA141,CO106,2022-05-27 18:02:32Z
CA142,CO103,2022-07-14 18:00:27Z
CA143,CO104,2022-04-28 21:26:42Z
CA144,CO101,2022-12-20 07:07:56Z
CA145,CO100,2022-07-22 20:30:06Z
CA146,CO103,2022-07-09 07:42:51Z
CA147,CO104,2022-08-15 03:43:45Z
CA148,CO106,2022-08-23 16:41:09Z
CA149,CO104,2022-11-05 05:26:32Z
CA150,CO104,2022-04-27 14:48:02Z
CA151,CO106,2022-04-17 16:53:14Z
CA152,CO105,2022-10-23 14:43:37Z
CA153,CO101,2022-09-23 15:44:48Z
CA154,CO102,2022-11-01 12:16:56Z
CA155,CO103,2022-03-18 04:00:16Z
CA156,CO100,2022-03-20 05:52:27Z
CA157,CO105,2022-05-04 06:53:43Z
CA158,CO105,2022-11-26 13:45:49Z
CA159,CO105,2022-03-16 11:56:42Z
CA160,CO100,2022-07-03 11:06:53Z
CA161,CO103,2022-07-09 02:05:52Z
CA162,CO106,2022-12-19 20:21:15Z
CA163,CO105,2022-12-12 11:29:00Z
CA164,CO104,2022-09-07 12:57:54Z
CA165,CO102,2022-11-07 10:01:28Z
CA166,CO105,2022-10-15 00:43:06Z
CA167,CO106,2022-12-06 21:45:18Z
CA168,CO101,2022-08-31 13:32:33Z
CA169,CO104,2022-03-23 02:49:56Z
CA170,CO103,2022-04-13 00:29:18Z
CA171,CO102,2022-12-07 14:47:23Z
CA172,CO103,2022-03-23 17:12:29Z
CA173,CO101,2022-08-03 00:52:56Z
CA174,CO105,2022-07-20 14:08:25Z
CA175,CO103,2022-06-19 22:56:02Z
CA176,CO105,2022-04-09 01:38:21Z
CA177,CO103,2022-12-11 21:55:30Z
CA178,CO105,2022-10-02 00:45:48Z
CA179,CO104,2022-12-11 16:33:06Z
CA180,CO102,2022-04-29 07:01:09Z
CA181,CO106,2022-09-30 06:47:33Z
CA182,CO104,2022-09-24 13:05:26Z
CA183,CO103,2022-12-17 09:34:08Z
CA184,CO100,2022-03-12 10:11:51Z
CA185,CO102,2022-12-27 10:27:08Z
CA186,CO101,2022-11-05 16:46:29Z
CA187,CO101,2022-05-22 01:01:44Z
CA188,CO101,2022-03-16 01:13:01Z
CA189,CO104,2022-12-18 18:20:50Z
CA190,CO103,2022-05-11 02:40:20Z
CA191,CO106,2022-11-10 11:32:16Z
CA192,CO104,2022-07-08 14:46:27Z
CA193,CO105,2022-08-07 15:06:44Z
CA194,CO100,2022-11-25 20:20:00Z
CA195,CO100,2022-07-23 07:17:36Z
CA196,CO103,2022-08-19 07:24:53Z
CA197,CO101,2022-04-27 13:11:13Z
CA198,CO106,2022-04-06 07:38:52Z
CA199,CO106,2022-10-15 02:17:19Z
